b.day_of_week,_c1
1,0.6279500231374364
2,0.7757525430766037
3,0.709695973705834
4,2.1735618597320725
6,1.1895597377160863
7,0.13823908638791674
