DAY,AIRLINE,DELAY
1,Spirit Air Lines,18.795626679697044
2,Spirit Air Lines,15.714659197012137
3,United Air Lines Inc.,14.282200834726739
4,United Air Lines Inc.,14.88742760925581
5,Spirit Air Lines,15.786104837751099
6,Spirit Air Lines,15.780295269659536
7,Spirit Air Lines,17.149202320522118
